"InstrLevel","AfAmF","AfAmM","AIANF","AIANM","AsianF","AsianM","HispF","HispM","NHOPIF","NHOPIM","WhF","WhM","MultF","MultM","NRAF","NRAM","UnkF","UnkM","AllF","AllM","GenderNoneTotal","AllTotal","SortNum",
" Public Universities:","","","","","","","","","","","","","","","","",
"Chicago State University","","","","","","","","","","","","","","","","",
"Undergraduate","3,265","1,113","4","4","31","14","266","110","0","0","77","82","0","0","15","12","121","53","3,779","1,388","0","5,167","1",
"Graduate","901","250","3","2","16","15","101","41","0","0","263","220","0","0","7","3","31","15","1,322","546","0","1,868","2",
"Total","4,166","1,363","7","6","47","29","367","151","0","0","340","302","0","0","22","15","152","68","5,101","1,934","0","7,035","4",
"Eastern Illinois University","","","","","","","","","","","","","","","","",
"Undergraduate","495","332","23","14","59","73","139","124","0","0","5,132","3,665","0","0","25","29","238","244","6,111","4,481","0","10,592","1",
"Graduate","70","27","2","0","11","11","10","11","0","0","941","520","0","0","51","46","33","24","1,118","639","0","1,757","2",
"Total","565","359","25","14","70","84","149","135","0","0","6,073","4,185","0","0","76","75","271","268","7,229","5,120","0","12,349","4",
"Governors State University","","","","","","","","","","","","","","","","",
"Undergraduate","731","218","3","0","19","14","110","44","0","0","801","408","0","0","4","7","122","73","1,790","764","0","2,554","1",
"Graduate","735","174","1","1","35","10","135","37","0","0","1,012","469","0","0","28","109","62","20","2,008","820","0","2,828","2",
"Total","1,466","392","4","1","54","24","245","81","0","0","1,813","877","0","0","32","116","184","93","3,798","1,584","0","5,382","4",
"Illinois State University","","","","","","","","","","","","","","","","",
"Undergraduate","698","361","34","20","183","133","365","271","0","0","8,505","6,531","0","0","81","56","329","318","10,195","7,690","0","17,885","1",
"Graduate","89","40","3","4","36","23","33","20","0","0","1,364","654","0","0","159","143","36","32","1,720","916","0","2,636","2",
"Total","787","401","37","24","219","156","398","291","0","0","9,869","7,185","0","0","240","199","365","350","11,915","8,606","0","20,521","4",
"Northeastern Illinois University","","","","","","","","","","","","","","","","",
"Undergraduate","700","346","16","12","508","455","1,755","948","0","0","2,361","1,616","0","0","71","63","228","178","5,639","3,618","0","9,257","1",
"Graduate","178","74","2","1","101","77","240","94","0","0","1,190","592","0","0","42","78","77","53","1,830","969","0","2,799","2",
"Total","878","420","18","13","609","532","1,995","1,042","0","0","3,551","2,208","0","0","113","141","305","231","7,469","4,587","0","12,056","4",
"Northern Illinois University","","","","","","","","","","","","","","","","",
"Undergraduate","1,482","861","17","23","479","554","718","575","0","0","6,691","6,636","0","0","43","84","325","328","9,755","9,061","0","18,816","1",
"Graduate","264","131","11","8","151","138","256","124","0","0","2,878","1,852","0","0","191","285","119","89","3,870","2,627","0","6,497","2",
"Total","1,746","992","28","31","630","692","974","699","0","0","9,569","8,488","0","0","234","369","444","417","13,625","11,688","0","25,313","4",
"Southern Illinois University Carbondale","","","","","","","","","","","","","","","","",
"Undergraduate","1,418","1,297","32","58","131","216","234","324","0","0","4,754","6,827","0","0","113","155","244","491","6,926","9,368","0","16,294","1",
"Graduate","258","159","13","8","46","39","57","38","0","0","1,633","1,345","0","0","330","551","130","102","2,467","2,242","0","4,709","2",
"Total","1,676","1,456","45","66","177","255","291","362","0","0","6,387","8,172","0","0","443","706","374","593","9,393","11,610","0","21,003","4",
"Southern Illinois University Edwardsville","","","","","","","","","","","","","","","","",
"Undergraduate","670","340","18","9","107","89","108","85","0","0","5,046","4,373","0","0","41","64","5","5","5,995","4,965","0","10,960","1",
"Graduate","109","45","5","5","31","26","16","11","0","0","1,279","707","0","0","96","154","3","2","1,539","950","0","2,489","2",
"Total","779","385","23","14","138","115","124","96","0","0","6,325","5,080","0","0","137","218","8","7","7,534","5,915","0","13,449","4",
"U of I at Chicago","","","","","","","","","","","","","","","","",
"Undergraduate","914","396","26","19","1,801","1,789","1,420","1,030","0","0","3,377","3,225","0","0","123","107","384","395","8,045","6,961","0","15,006","1",
"Graduate","576","218","22","10","718","567","407","240","0","0","2,865","1,867","0","0","798","947","234","169","5,620","4,018","0","9,638","2",
"Total","1,490","614","48","29","2,519","2,356","1,827","1,270","0","0","6,242","5,092","0","0","921","1,054","618","564","13,665","10,979","0","24,644","4",
"U of I at Springfield","","","","","","","","","","","","","","","","",
"Undergraduate","190","91","8","9","44","36","34","33","0","0","1,259","869","0","0","6","18","79","82","1,620","1,138","0","2,758","1",
"Graduate","92","39","3","3","25","24","12","17","0","0","847","570","0","0","88","203","47","33","1,114","889","0","2,003","2",
"Total","282","130","11","12","69","60","46","50","0","0","2,106","1,439","0","0","94","221","126","115","2,734","2,027","0","4,761","4",
"U of I at Urbana/Champaign","","","","","","","","","","","","","","","","",
"Undergraduate","1,303","847","42","53","1,679","2,180","1,056","1,080","0","0","9,811","11,111","0","0","600","1,032","266","412","14,757","16,715","0","31,472","1",
"Graduate","268","175","14","14","341","364","193","184","0","0","2,738","2,850","0","0","1,536","2,114","243","232","5,333","5,933","0","11,266","2",
"Total","1,571","1,022","56","67","2,020","2,544","1,249","1,264","0","0","12,549","13,961","0","0","2,136","3,146","509","644","20,090","22,648","0","42,738","4",
"Western Illinois University","","","","","","","","","","","","","","","","",
"Undergraduate","400","380","30","17","62","78","208","249","0","0","4,395","4,771","0","0","53","88","240","363","5,388","5,946","0","11,334","1",
"Graduate","47","25","3","2","13","7","36","15","0","0","1,108","663","0","0","72","153","59","65","1,338","930","0","2,268","2",
"Total","447","405","33","19","75","85","244","264","0","0","5,503","5,434","0","0","125","241","299","428","6,726","6,876","0","13,602","4",
" Total Enrollment at Public Universities","","","","","","","","","","","","","","","","",
"Undergraduate","12,266","6,582","253","238","5,103","5,631","6,413","4,873","0","0","52,209","50,114","0","0","1,175","1,715","2,581","2,942","80,000","72,095","0","152,095","11",
"Graduate","3,587","1,357","82","58","1,524","1,301","1,496","832","0","0","18,118","12,309","0","0","3,398","4,786","1,074","836","29,279","21,479","0","50,758","12",
"Sector Total","15,853","7,939","335","296","6,627","6,932","7,909","5,705","0","0","70,327","62,423","0","0","4,573","6,501","3,655","3,778","109,279","93,574","0","202,853","14",
" Community Colleges:","","","","","","","","","","","","","","","","",
"Black Hawk College","","","","","","","","","","","","","","","","",
"Undergraduate","279","219","25","8","32","28","363","186","0","0","3,066","1,945","0","0","0","0","0","0","3,765","2,386","0","6,151","1",
"Graduate","0","0","0","0","0","0","0","0","0","0","0","0","0","0","0","0","0","0","0","0","0","0","2",
"Total","279","219","25","8","32","28","363","186","0","0","3,066","1,945","0","0","0","0","0","0","3,765","2,386","0","6,151","4",
"Carl Sandburg College","","","","","","","","","","","","","","","","",
"Undergraduate","76","48","5","3","10","7","59","37","0","0","1,707","970","0","0","5","3","0","0","1,862","1,068","0","2,930","1",
"Graduate","0","0","0","0","0","0","0","0","0","0","0","0","0","0","0","0","0","0","0","0","0","0","2",
"Total","76","48","5","3","10","7","59","37","0","0","1,707","970","0","0","5","3","0","0","1,862","1,068","0","2,930","4",
"CCC - Harold Washington College","","","","","","","","","","","","","","","","",
"Undergraduate","2,172","1,279","30","15","543","527","993","785","0","0","984","974","0","0","0","0","0","0","4,722","3,580","0","8,302","1",
"Graduate","0","0","0","0","0","0","0","0","0","0","0","0","0","0","0","0","0","0","0","0","0","0","2",
"Total","2,172","1,279","30","15","543","527","993","785","0","0","984","974","0","0","0","0","0","0","4,722","3,580","0","8,302","4",
"CCC - Harry S Truman College","","","","","","","","","","","","","","","","",
"Undergraduate","1,341","804","38","21","876","567","2,930","3,076","0","0","1,633","943","0","0","0","0","0","0","6,818","5,411","0","12,229","1",
"Graduate","0","0","0","0","0","0","0","0","0","0","0","0","0","0","0","0","0","0","0","0","0","0","2",
"Total","1,341","804","38","21","876","567","2,930","3,076","0","0","1,633","943","0","0","0","0","0","0","6,818","5,411","0","12,229","4",
"CCC - Kennedy-King College","","","","","","","","","","","","","","","","",
"Undergraduate","2,955","1,269","11","10","162","74","214","192","0","0","116","176","0","0","0","0","0","0","3,458","1,721","0","5,179","1",
"Graduate","0","0","0","0","0","0","0","0","0","0","0","0","0","0","0","0","0","0","0","0","0","0","2",
"Total","2,955","1,269","11","10","162","74","214","192","0","0","116","176","0","0","0","0","0","0","3,458","1,721","0","5,179","4",
"CCC - Malcolm X College","","","","","","","","","","","","","","","","",
"Undergraduate","2,528","1,056","15","7","165","134","1,163","866","0","0","300","208","0","0","0","0","0","0","4,171","2,271","0","6,442","1",
"Graduate","0","0","0","0","0","0","0","0","0","0","0","0","0","0","0","0","0","0","0","0","0","0","2",
"Total","2,528","1,056","15","7","165","134","1,163","866","0","0","300","208","0","0","0","0","0","0","4,171","2,271","0","6,442","4",
"CCC - Olive-Harvey College","","","","","","","","","","","","","","","","",
"Undergraduate","2,384","1,007","10","1","15","5","514","291","0","0","39","19","0","0","0","0","0","0","2,962","1,323","0","4,285","1",
"Graduate","0","0","0","0","0","0","0","0","0","0","0","0","0","0","0","0","0","0","0","0","0","0","2",
"Total","2,384","1,007","10","1","15","5","514","291","0","0","39","19","0","0","0","0","0","0","2,962","1,323","0","4,285","4",
"CCC - Richard J. Daley College","","","","","","","","","","","","","","","","",
"Undergraduate","1,473","649","19","10","54","42","4,207","2,696","0","0","565","390","0","0","0","0","0","0","6,318","3,787","0","10,105","1",
"Graduate","0","0","0","0","0","0","0","0","0","0","0","0","0","0","0","0","0","0","0","0","0","0","2",
"Total","1,473","649","19","10","54","42","4,207","2,696","0","0","565","390","0","0","0","0","0","0","6,318","3,787","0","10,105","4",
"CCC - Wilbur Wright College","","","","","","","","","","","","","","","","",
"Undergraduate","541","349","21","26","416","409","3,284","2,219","0","0","2,336","1,460","0","0","0","0","0","0","6,598","4,463","0","11,061","1",
"Graduate","0","0","0","0","0","0","0","0","0","0","0","0","0","0","0","0","0","0","0","0","0","0","2",
"Total","541","349","21","26","416","409","3,284","2,219","0","0","2,336","1,460","0","0","0","0","0","0","6,598","4,463","0","11,061","4",
"College of DuPage","","","","","","","","","","","","","","","","",
"Undergraduate","890","649","43","33","1,628","1,409","1,990","1,693","0","0","9,510","7,877","0","0","0","0","157","153","14,218","11,814","0","26,032","1",
"Graduate","0","0","0","0","0","0","0","0","0","0","0","0","0","0","0","0","0","0","0","0","0","0","2",
"Total","890","649","43","33","1,628","1,409","1,990","1,693","0","0","9,510","7,877","0","0","0","0","157","153","14,218","11,814","0","26,032","4",
"College of Lake County","","","","","","","","","","","","","","","","",
"Undergraduate","796","466","23","11","557","394","2,057","1,542","0","0","5,325","4,131","0","0","156","100","0","0","8,914","6,644","0","15,558","1",
"Graduate","0","0","0","0","0","0","0","0","0","0","0","0","0","0","0","0","0","0","0","0","0","0","2",
"Total","796","466","23","11","557","394","2,057","1,542","0","0","5,325","4,131","0","0","156","100","0","0","8,914","6,644","0","15,558","4",
"Danville Area Community College","","","","","","","","","","","","","","","","",
"Undergraduate","246","177","3","6","21","12","52","61","0","0","1,877","1,041","0","0","1","3","0","0","2,200","1,300","0","3,500","1",
"Graduate","0","0","0","0","0","0","0","0","0","0","0","0","0","0","0","0","0","0","0","0","0","0","2",
"Total","246","177","3","6","21","12","52","61","0","0","1,877","1,041","0","0","1","3","0","0","2,200","1,300","0","3,500","4",
"Elgin Community College","","","","","","","","","","","","","","","","",
"Undergraduate","290","175","11","12","349","304","1,651","1,332","0","0","3,289","2,656","0","0","2","1","0","0","5,592","4,480","0","10,072","1",
"Graduate","0","0","0","0","0","0","0","0","0","0","0","0","0","0","0","0","0","0","0","0","0","0","2",
"Total","290","175","11","12","349","304","1,651","1,332","0","0","3,289","2,656","0","0","2","1","0","0","5,592","4,480","0","10,072","4",
"Harper College","","","","","","","","","","","","","","","","",
"Undergraduate","341","278","26","15","1,050","822","1,272","1,064","0","0","5,014","3,829","0","0","63","53","662","564","8,428","6,625","0","15,053","1",
"Graduate","0","0","0","0","0","0","0","0","0","0","0","0","0","0","0","0","0","0","0","0","0","0","2",
"Total","341","278","26","15","1,050","822","1,272","1,064","0","0","5,014","3,829","0","0","63","53","662","564","8,428","6,625","0","15,053","4",
"Heartland Community College","","","","","","","","","","","","","","","","",
"Undergraduate","253","157","6","4","67","39","80","63","0","0","2,251","1,812","0","0","18","14","0","0","2,675","2,089","0","4,764","1",
"Graduate","0","0","0","0","0","0","0","0","0","0","0","0","0","0","0","0","0","0","0","0","0","0","2",
"Total","253","157","6","4","67","39","80","63","0","0","2,251","1,812","0","0","18","14","0","0","2,675","2,089","0","4,764","4",
"Highland Community College","","","","","","","","","","","","","","","","",
"Undergraduate","103","52","4","2","13","12","25","14","0","0","1,206","704","0","0","0","1","0","0","1,351","785","0","2,136","1",
"Graduate","0","0","0","0","0","0","0","0","0","0","0","0","0","0","0","0","0","0","0","0","0","0","2",
"Total","103","52","4","2","13","12","25","14","0","0","1,206","704","0","0","0","1","0","0","1,351","785","0","2,136","4",
"Illinois Central College","","","","","","","","","","","","","","","","",
"Undergraduate","776","516","20","20","134","98","151","148","0","0","5,643","4,582","0","0","32","25","0","0","6,756","5,389","0","12,145","1",
"Graduate","0","0","0","0","0","0","0","0","0","0","0","0","0","0","0","0","0","0","0","0","0","0","2",
"Total","776","516","20","20","134","98","151","148","0","0","5,643","4,582","0","0","32","25","0","0","6,756","5,389","0","12,145","4",
"Illinois Eastern - Frontier","","","","","","","","","","","","","","","","",
"Undergraduate","7","1","2","1","8","7","4","4","0","0","1,491","928","0","0","0","0","0","0","1,512","941","0","2,453","1",
"Graduate","0","0","0","0","0","0","0","0","0","0","0","0","0","0","0","0","0","0","0","0","0","0","2",
"Total","7","1","2","1","8","7","4","4","0","0","1,491","928","0","0","0","0","0","0","1,512","941","0","2,453","4",
"Illinois Eastern - Lincoln Trail","","","","","","","","","","","","","","","","",
"Undergraduate","15","239","1","1","12","20","4","46","0","0","689","477","0","0","0","0","0","0","721","783","0","1,504","1",
"Graduate","0","0","0","0","0","0","0","0","0","0","0","0","0","0","0","0","0","0","0","0","0","0","2",
"Total","15","239","1","1","12","20","4","46","0","0","689","477","0","0","0","0","0","0","721","783","0","1,504","4",
"Illinois Eastern - Olney Central","","","","","","","","","","","","","","","","",
"Undergraduate","4","12","1","1","9","9","9","1","0","0","1,049","641","0","0","0","1","0","0","1,072","665","0","1,737","1",
"Graduate","0","0","0","0","0","0","0","0","0","0","0","0","0","0","0","0","0","0","0","0","0","0","2",
"Total","4","12","1","1","9","9","9","1","0","0","1,049","641","0","0","0","1","0","0","1,072","665","0","1,737","4",
"Illinois Eastern - Wabash Valley","","","","","","","","","","","","","","","","",
"Undergraduate","51","41","4","1","40","28","8","17","0","0","2,187","2,462","0","0","1","0","0","0","2,291","2,549","0","4,840","1",
"Graduate","0","0","0","0","0","0","0","0","0","0","0","0","0","0","0","0","0","0","0","0","0","0","2",
"Total","51","41","4","1","40","28","8","17","0","0","2,187","2,462","0","0","1","0","0","0","2,291","2,549","0","4,840","4",
"Illinois Valley Community College","","","","","","","","","","","","","","","","",
"Undergraduate","27","120","6","3","23","19","147","119","0","0","1,918","1,360","0","0","2","1","91","103","2,214","1,725","0","3,939","1",
"Graduate","0","0","0","0","0","0","0","0","0","0","0","0","0","0","0","0","0","0","0","0","0","0","2",
"Total","27","120","6","3","23","19","147","119","0","0","1,918","1,360","0","0","2","1","91","103","2,214","1,725","0","3,939","4",
"John A. Logan College","","","","","","","","","","","","","","","","",
"Undergraduate","242","234","18","8","30","36","52","54","0","0","4,030","2,659","0","0","1","0","0","0","4,373","2,991","0","7,364","1",
"Graduate","0","0","0","0","0","0","0","0","0","0","0","0","0","0","0","0","0","0","0","0","0","0","2",
"Total","242","234","18","8","30","36","52","54","0","0","4,030","2,659","0","0","1","0","0","0","4,373","2,991","0","7,364","4",
"John Wood Community College","","","","","","","","","","","","","","","","",
"Undergraduate","55","26","3","1","14","12","9","11","0","0","1,390","761","0","0","5","5","105","119","1,581","935","0","2,516","1",
"Graduate","0","0","0","0","0","0","0","0","0","0","0","0","0","0","0","0","0","0","0","0","0","0","2",
"Total","55","26","3","1","14","12","9","11","0","0","1,390","761","0","0","5","5","105","119","1,581","935","0","2,516","4",
"Joliet Junior College","","","","","","","","","","","","","","","","",
"Undergraduate","778","540","11","10","192","154","1,199","810","0","0","5,378","3,839","0","0","8","5","0","0","7,566","5,358","0","12,924","1",
"Graduate","0","0","0","0","0","0","0","0","0","0","0","0","0","0","0","0","0","0","0","0","0","0","2",
"Total","778","540","11","10","192","154","1,199","810","0","0","5,378","3,839","0","0","8","5","0","0","7,566","5,358","0","12,924","4",
"Kankakee Community College","","","","","","","","","","","","","","","","",
"Undergraduate","346","113","4","5","22","17","113","51","0","0","1,687","990","0","0","4","1","0","0","2,176","1,177","0","3,353","1",
"Graduate","0","0","0","0","0","0","0","0","0","0","0","0","0","0","0","0","0","0","0","0","0","0","2",
"Total","346","113","4","5","22","17","113","51","0","0","1,687","990","0","0","4","1","0","0","2,176","1,177","0","3,353","4",
"Kaskaskia College","","","","","","","","","","","","","","","","",
"Undergraduate","160","149","17","16","8","7","29","46","0","0","2,747","1,864","0","0","12","15","0","0","2,973","2,097","0","5,070","1",
"Graduate","0","0","0","0","0","0","0","0","0","0","0","0","0","0","0","0","0","0","0","0","0","0","2",
"Total","160","149","17","16","8","7","29","46","0","0","2,747","1,864","0","0","12","15","0","0","2,973","2,097","0","5,070","4",
"Kishwaukee College","","","","","","","","","","","","","","","","",
"Undergraduate","281","286","8","8","61","59","313","247","0","0","1,850","1,537","0","0","3","4","7","11","2,523","2,152","0","4,675","1",
"Graduate","0","0","0","0","0","0","0","0","0","0","0","0","0","0","0","0","0","0","0","0","0","0","2",
"Total","281","286","8","8","61","59","313","247","0","0","1,850","1,537","0","0","3","4","7","11","2,523","2,152","0","4,675","4",
"Lake Land College","","","","","","","","","","","","","","","","",
"Undergraduate","86","685","12","9","13","36","44","212","0","0","3,298","2,991","0","0","18","27","0","0","3,471","3,960","0","7,431","1",
"Graduate","0","0","0","0","0","0","0","0","0","0","0","0","0","0","0","0","0","0","0","0","0","0","2",
"Total","86","685","12","9","13","36","44","212","0","0","3,298","2,991","0","0","18","27","0","0","3,471","3,960","0","7,431","4",
"Lewis &amp; Clark Community College","","","","","","","","","","","","","","","","",
"Undergraduate","314","136","10","6","20","4","34","20","0","0","4,441","2,796","0","0","0","0","0","0","4,819","2,962","0","7,781","1",
"Graduate","0","0","0","0","0","0","0","0","0","0","0","0","0","0","0","0","0","0","0","0","0","0","2",
"Total","314","136","10","6","20","4","34","20","0","0","4,441","2,796","0","0","0","0","0","0","4,819","2,962","0","7,781","4",
"Lincoln Land Community College","","","","","","","","","","","","","","","","",
"Undergraduate","308","179","12","11","45","35","77","49","0","0","3,391","2,415","0","0","3","7","0","0","3,836","2,696","0","6,532","1",
"Graduate","0","0","0","0","0","0","0","0","0","0","0","0","0","0","0","0","0","0","0","0","0","0","2",
"Total","308","179","12","11","45","35","77","49","0","0","3,391","2,415","0","0","3","7","0","0","3,836","2,696","0","6,532","4",
"McHenry County College","","","","","","","","","","","","","","","","",
"Undergraduate","30","32","8","2","46","52","212","184","0","0","2,731","2,055","0","0","36","26","0","0","3,063","2,351","0","5,414","1",
"Graduate","0","0","0","0","0","0","0","0","0","0","0","0","0","0","0","0","0","0","0","0","0","0","2",
"Total","30","32","8","2","46","52","212","184","0","0","2,731","2,055","0","0","36","26","0","0","3,063","2,351","0","5,414","4",
"Moraine Valley Community College","","","","","","","","","","","","","","","","",
"Undergraduate","916","508","23","11","203","204","1,102","916","0","0","6,702","4,865","0","0","122","121","0","0","9,068","6,625","0","15,693","1",
"Graduate","0","0","0","0","0","0","0","0","0","0","0","0","0","0","0","0","0","0","0","0","0","0","2",
"Total","916","508","23","11","203","204","1,102","916","0","0","6,702","4,865","0","0","122","121","0","0","9,068","6,625","0","15,693","4",
"Morton College","","","","","","","","","","","","","","","","",
"Undergraduate","135","70","4","1","69","44","2,337","1,535","0","0","492","267","0","0","56","39","0","0","3,093","1,956","0","5,049","1",
"Graduate","0","0","0","0","0","0","0","0","0","0","0","0","0","0","0","0","0","0","0","0","0","0","2",
"Total","135","70","4","1","69","44","2,337","1,535","0","0","492","267","0","0","56","39","0","0","3,093","1,956","0","5,049","4",
"Oakton Community College","","","","","","","","","","","","","","","","",
"Undergraduate","930","900","12","19","308","201","411","369","0","0","4,057","3,151","0","0","145","94","0","0","5,863","4,734","0","10,597","1",
"Graduate","0","0","0","0","0","0","0","0","0","0","0","0","0","0","0","0","0","0","0","0","0","0","2",
"Total","930","900","12","19","308","201","411","369","0","0","4,057","3,151","0","0","145","94","0","0","5,863","4,734","0","10,597","4",
"Parkland College","","","","","","","","","","","","","","","","",
"Undergraduate","597","560","25","10","165","151","167","175","0","0","3,778","3,364","0","0","214","130","0","0","4,946","4,390","0","9,336","1",
"Graduate","0","0","0","0","0","0","0","0","0","0","0","0","0","0","0","0","0","0","0","0","0","0","2",
"Total","597","560","25","10","165","151","167","175","0","0","3,778","3,364","0","0","214","130","0","0","4,946","4,390","0","9,336","4",
"Prairie State College","","","","","","","","","","","","","","","","",
"Undergraduate","1,710","918","17","11","41","38","317","277","0","0","1,057","752","0","0","2","3","83","68","3,227","2,067","0","5,294","1",
"Graduate","0","0","0","0","0","0","0","0","0","0","0","0","0","0","0","0","0","0","0","0","0","0","2",
"Total","1,710","918","17","11","41","38","317","277","0","0","1,057","752","0","0","2","3","83","68","3,227","2,067","0","5,294","4",
"Rend Lake College","","","","","","","","","","","","","","","","",
"Undergraduate","98","211","9","5","20","9","21","56","0","0","2,431","1,956","0","0","6","15","0","0","2,585","2,252","0","4,837","1",
"Graduate","0","0","0","0","0","0","0","0","0","0","0","0","0","0","0","0","0","0","0","0","0","0","2",
"Total","98","211","9","5","20","9","21","56","0","0","2,431","1,956","0","0","6","15","0","0","2,585","2,252","0","4,837","4",
"Richland Community College","","","","","","","","","","","","","","","","",
"Undergraduate","311","203","9","7","15","11","29","33","0","0","1,613","915","0","0","2","4","0","0","1,979","1,173","0","3,152","1",
"Graduate","0","0","0","0","0","0","0","0","0","0","0","0","0","0","0","0","0","0","0","0","0","0","2",
"Total","311","203","9","7","15","11","29","33","0","0","1,613","915","0","0","2","4","0","0","1,979","1,173","0","3,152","4",
"Rock Valley College","","","","","","","","","","","","","","","","",
"Undergraduate","467","301","22","11","130","97","355","217","0","0","3,725","2,654","0","0","17","15","0","0","4,716","3,295","0","8,011","1",
"Graduate","0","0","0","0","0","0","0","0","0","0","0","0","0","0","0","0","0","0","0","0","0","0","2",
"Total","467","301","22","11","130","97","355","217","0","0","3,725","2,654","0","0","17","15","0","0","4,716","3,295","0","8,011","4",
"Sauk Valley Community College","","","","","","","","","","","","","","","","",
"Undergraduate","30","34","2","2","15","11","130","81","0","0","1,368","935","0","0","0","1","0","0","1,545","1,064","0","2,609","1",
"Graduate","0","0","0","0","0","0","0","0","0","0","0","0","0","0","0","0","0","0","0","0","0","0","2",
"Total","30","34","2","2","15","11","130","81","0","0","1,368","935","0","0","0","1","0","0","1,545","1,064","0","2,609","4",
"Shawnee Community College","","","","","","","","","","","","","","","","",
"Undergraduate","252","117","9","4","8","17","27","33","0","0","1,024","565","0","0","0","0","0","0","1,320","736","0","2,056","1",
"Graduate","0","0","0","0","0","0","0","0","0","0","0","0","0","0","0","0","0","0","0","0","0","0","2",
"Total","252","117","9","4","8","17","27","33","0","0","1,024","565","0","0","0","0","0","0","1,320","736","0","2,056","4",
"South Suburban Coll. of Cook Co.","","","","","","","","","","","","","","","","",
"Undergraduate","3,426","1,183","13","5","43","45","407","222","0","0","1,125","676","0","0","7","8","0","0","5,021","2,139","0","7,160","1",
"Graduate","0","0","0","0","0","0","0","0","0","0","0","0","0","0","0","0","0","0","0","0","0","0","2",
"Total","3,426","1,183","13","5","43","45","407","222","0","0","1,125","676","0","0","7","8","0","0","5,021","2,139","0","7,160","4",
"Southeastern Illinois College","","","","","","","","","","","","","","","","",
"Undergraduate","44","538","2","9","8","7","16","84","0","0","1,209","1,105","0","0","1","0","0","0","1,280","1,743","0","3,023","1",
"Graduate","0","0","0","0","0","0","0","0","0","0","0","0","0","0","0","0","0","0","0","0","0","0","2",
"Total","44","538","2","9","8","7","16","84","0","0","1,209","1,105","0","0","1","0","0","0","1,280","1,743","0","3,023","4",
"Southwestern Illinois College","","","","","","","","","","","","","","","","",
"Undergraduate","1,703","846","53","27","154","91","201","176","0","0","5,624","4,714","0","0","7","5","0","0","7,742","5,859","0","13,601","1",
"Graduate","0","0","0","0","0","0","0","0","0","0","0","0","0","0","0","0","0","0","0","0","0","0","2",
"Total","1,703","846","53","27","154","91","201","176","0","0","5,624","4,714","0","0","7","5","0","0","7,742","5,859","0","13,601","4",
"Spoon River College","","","","","","","","","","","","","","","","",
"Undergraduate","25","48","6","1","18","14","5","3","0","0","1,132","775","0","0","2","3","0","0","1,188","844","0","2,032","1",
"Graduate","0","0","0","0","0","0","0","0","0","0","0","0","0","0","0","0","0","0","0","0","0","0","2",
"Total","25","48","6","1","18","14","5","3","0","0","1,132","775","0","0","2","3","0","0","1,188","844","0","2,032","4",
"Triton College","","","","","","","","","","","","","","","","",
"Undergraduate","1,685","856","26","14","326","300","2,383","1,959","0","0","4,285","3,692","0","0","25","30","63","94","8,793","6,945","0","15,738","1",
"Graduate","0","0","0","0","0","0","0","0","0","0","0","0","0","0","0","0","0","0","0","0","0","0","2",
"Total","1,685","856","26","14","326","300","2,383","1,959","0","0","4,285","3,692","0","0","25","30","63","94","8,793","6,945","0","15,738","4",
"Waubonsee Community College","","","","","","","","","","","","","","","","",
"Undergraduate","300","214","30","14","150","82","1,430","1,247","0","0","3,026","2,343","0","0","4","3","0","0","4,940","3,903","0","8,843","1",
"Graduate","0","0","0","0","0","0","0","0","0","0","0","0","0","0","0","0","0","0","0","0","0","0","2",
"Total","300","214","30","14","150","82","1,430","1,247","0","0","3,026","2,343","0","0","4","3","0","0","4,940","3,903","0","8,843","4",
" Total Enrollment at Community Colleges","","","","","","","","","","","","","","","","",
"Undergraduate","32,777","19,450","689","438","8,308","6,700","32,597","25,519","0","0","125,786","94,221","0","0","980","763","1,168","1,112","202,305","148,203","0","350,508","11",
"Graduate","0","0","0","0","0","0","0","0","0","0","0","0","0","0","0","0","0","0","0","0","0","0","12",
"Sector Total","32,777","19,450","689","438","8,308","6,700","32,597","25,519","0","0","125,786","94,221","0","0","980","763","1,168","1,112","202,305","148,203","0","350,508","14",
" Independent NFP Institutions:","","","","","","","","","","","","","","","","",
"Adler University","","","","","","","","","","","","","","","","",
"Undergraduate","0","0","0","0","0","0","0","0","0","0","0","0","0","0","0","0","0","0","0","0","0","0","1",
"Graduate","34","9","1","1","14","3","22","6","0","0","228","71","0","0","0","0","77","17","376","107","0","483","2",
"Total","34","9","1","1","14","3","22","6","0","0","228","71","0","0","0","0","77","17","376","107","0","483","4",
"American Academy of Art","","","","","","","","","","","","","","","","",
"Undergraduate","14","16","0","1","4","14","28","50","0","0","107","159","0","0","0","1","0","0","153","241","0","394","1",
"Graduate","0","0","0","0","0","0","1","1","0","0","1","2","0","0","0","0","0","0","2","3","0","5","2",
"Total","14","16","0","1","4","14","29","51","0","0","108","161","0","0","0","1","0","0","155","244","0","399","4",
"Augustana College","","","","","","","","","","","","","","","","",
"Undergraduate","28","27","7","4","28","23","52","31","0","0","1,283","952","0","0","16","12","0","0","1,414","1,049","0","2,463","1",
"Graduate","0","0","0","0","0","0","0","0","0","0","0","0","0","0","0","0","0","0","0","0","0","0","2",
"Total","28","27","7","4","28","23","52","31","0","0","1,283","952","0","0","16","12","0","0","1,414","1,049","0","2,463","4",
"Aurora University","","","","","","","","","","","","","","","","",
"Undergraduate","158","61","5","0","39","13","166","67","0","0","932","519","0","0","2","0","9","3","1,311","663","0","1,974","1",
"Graduate","52","20","1","1","14","6","119","45","0","0","1,118","403","0","0","0","1","19","18","1,323","494","0","1,817","2",
"Total","210","81","6","1","53","19","285","112","0","0","2,050","922","0","0","2","1","28","21","2,634","1,157","0","3,791","4",
"Benedictine University","","","","","","","","","","","","","","","","",
"Undergraduate","188","79","1","4","197","146","101","51","0","0","543","444","0","0","14","6","479","404","1,523","1,134","0","2,657","1",
"Graduate","60","30","0","2","35","27","33","19","0","0","350","216","0","0","13","12","270","176","761","482","0","1,243","2",
"Total","248","109","1","6","232","173","134","70","0","0","893","660","0","0","27","18","749","580","2,284","1,616","0","3,900","4",
"Bexley Hall Seabury Western Theological Seminary Federation","","","","","","","","","","","","","","","","",
"Undergraduate","0","0","0","0","0","0","0","0","0","0","0","0","0","0","0","0","0","0","0","0","0","0","1",
"Graduate","0","1","0","0","1","1","0","2","0","0","38","47","0","0","0","2","0","0","39","53","0","92","2",
"Total","0","1","0","0","1","1","0","2","0","0","38","47","0","0","0","2","0","0","39","53","0","92","4",
"Blackburn College","","","","","","","","","","","","","","","","",
"Undergraduate","18","22","3","1","3","2","8","3","0","0","301","224","0","0","2","2","11","5","346","259","0","605","1",
"Graduate","0","0","0","0","0","0","0","0","0","0","0","0","0","0","0","0","0","0","0","0","0","0","2",
"Total","18","22","3","1","3","2","8","3","0","0","301","224","0","0","2","2","11","5","346","259","0","605","4",
"Blessing-Rieman College of Nursing","","","","","","","","","","","","","","","","",
"Undergraduate","6","0","1","0","10","1","4","0","0","0","130","11","0","0","0","0","48","3","199","15","0","214","1",
"Graduate","0","0","0","0","0","0","0","0","0","0","0","0","0","0","0","0","0","0","0","0","0","0","2",
"Total","6","0","1","0","10","1","4","0","0","0","130","11","0","0","0","0","48","3","199","15","0","214","4",
"Bradley University","","","","","","","","","","","","","","","","",
"Undergraduate","216","94","8","4","95","86","79","52","0","0","2,456","2,047","0","0","18","30","57","73","2,929","2,386","0","5,315","1",
"Graduate","13","6","2","3","4","5","1","3","0","0","267","238","0","0","58","152","29","30","374","437","0","811","2",
"Total","229","100","10","7","99","91","80","55","0","0","2,723","2,285","0","0","76","182","86","103","3,303","2,823","0","6,126","4",
"Brisk Rabbinical College","","","","","","","","","","","","","","","","",
"Undergraduate","0","0","0","0","0","0","0","0","0","0","0","4","0","0","0","0","0","0","0","4","0","4","1",
"Graduate","0","0","0","0","0","0","0","0","0","0","0","0","0","0","0","0","0","0","0","0","0","0","2",
"Total","0","0","0","0","0","0","0","0","0","0","0","4","0","0","0","0","0","0","0","4","0","4","4",
"Catholic Theological Union","","","","","","","","","","","","","","","","",
"Undergraduate","0","0","0","0","0","0","0","0","0","0","0","0","0","0","0","0","0","0","0","0","0","0","1",
"Graduate","13","4","1","0","3","41","15","7","0","0","102","84","0","0","47","136","29","24","210","296","0","506","2",
"Total","13","4","1","0","3","41","15","7","0","0","102","84","0","0","47","136","29","24","210","296","0","506","4",
"Chicago Baptist Institute","","","","","","","","","","","","","","","","",
"Undergraduate","55","103","0","0","0","0","0","0","0","0","0","0","0","0","0","0","0","0","55","103","0","158","1",
"Graduate","0","0","0","0","0","0","0","0","0","0","0","0","0","0","0","0","0","0","0","0","0","0","2",
"Total","55","103","0","0","0","0","0","0","0","0","0","0","0","0","0","0","0","0","55","103","0","158","4",
"Chicago Theological Seminary","","","","","","","","","","","","","","","","",
"Undergraduate","0","0","0","0","0","0","0","0","0","0","0","0","0","0","0","0","0","0","0","0","0","0","1",
"Graduate","37","28","0","0","0","8","0","3","0","0","70","55","0","0","3","27","0","0","110","121","0","231","2",
"Total","37","28","0","0","0","8","0","3","0","0","70","55","0","0","3","27","0","0","110","121","0","231","4",
"Christian Life College","","","","","","","","","","","","","","","","",
"Undergraduate","0","2","0","0","1","3","1","0","0","0","16","18","0","0","15","8","0","0","33","31","0","64","1",
"Graduate","0","0","0","0","0","0","0","0","0","0","0","0","0","0","0","0","0","0","0","0","0","0","2",
"Total","0","2","0","0","1","3","1","0","0","0","16","18","0","0","15","8","0","0","33","31","0","64","4",
"Columbia College Chicago","","","","","","","","","","","","","","","","",
"Undergraduate","852","667","29","44","187","159","475","492","0","0","3,376","3,555","0","0","69","65","403","398","5,391","5,380","0","10,771","1",
"Graduate","89","23","3","1","10","4","41","13","0","0","301","140","0","0","22","4","53","24","519","209","0","728","2",
"Total","941","690","32","45","197","163","516","505","0","0","3,677","3,695","0","0","91","69","456","422","5,910","5,589","0","11,499","4",
"Concordia University Chicago","","","","","","","","","","","","","","","","",
"Undergraduate","74","56","0","0","5","8","63","29","0","0","443","271","0","0","0","0","71","54","656","418","0","1,074","1",
"Graduate","308","64","4","2","30","13","144","28","0","0","1,301","344","0","0","2","2","293","101","2,082","554","0","2,636","2",
"Total","382","120","4","2","35","21","207","57","0","0","1,744","615","0","0","2","2","364","155","2,738","972","0","3,710","4",
"DePaul University","","","","","","","","","","","","","","","","",
"Undergraduate","908","443","25","15","644","695","1,203","732","0","0","4,929","4,113","0","0","89","129","540","428","8,338","6,555","0","14,893","1",
"Graduate","463","239","11","11","260","304","221","200","0","0","2,498","2,302","0","0","230","348","485","684","4,168","4,088","0","8,256","2",
"Total","1,371","682","36","26","904","999","1,424","932","0","0","7,427","6,415","0","0","319","477","1,025","1,112","12,506","10,643","0","23,149","4",
"Dominican University","","","","","","","","","","","","","","","","",
"Undergraduate","74","19","0","1","30","7","216","103","0","0","646","259","0","0","11","10","57","29","1,034","428","0","1,462","1",
"Graduate","49","11","1","0","26","7","62","19","0","0","792","222","0","0","50","133","346","112","1,326","504","0","1,830","2",
"Total","123","30","1","1","56","14","278","122","0","0","1,438","481","0","0","61","143","403","141","2,360","932","0","3,292","4",
"East-West University","","","","","","","","","","","","","","","","",
"Undergraduate","437","250","2","0","12","46","81","47","0","0","45","23","0","0","13","9","12","24","602","399","0","1,001","1",
"Graduate","0","0","0","0","0","0","0","0","0","0","0","0","0","0","0","0","0","0","0","0","0","0","2",
"Total","437","250","2","0","12","46","81","47","0","0","45","23","0","0","13","9","12","24","602","399","0","1,001","4",
"Elmhurst College","","","","","","","","","","","","","","","","",
"Undergraduate","85","43","6","3","78","39","117","57","0","0","1,429","744","0","0","24","12","117","87","1,856","985","0","2,841","1",
"Graduate","12","1","0","0","8","5","5","10","0","0","115","87","0","0","0","0","13","10","153","113","0","266","2",
"Total","97","44","6","3","86","44","122","67","0","0","1,544","831","0","0","24","12","130","97","2,009","1,098","0","3,107","4",
"Erikson Institute","","","","","","","","","","","","","","","","",
"Undergraduate","0","0","0","0","0","0","0","0","0","0","0","0","0","0","0","0","0","0","0","0","0","0","1",
"Graduate","50","0","0","0","9","1","34","1","0","0","172","6","0","0","5","0","12","0","282","8","0","290","2",
"Total","50","0","0","0","9","1","34","1","0","0","172","6","0","0","5","0","12","0","282","8","0","290","4",
"Eureka College","","","","","","","","","","","","","","","","",
"Undergraduate","18","15","0","3","2","3","5","6","0","0","283","231","0","0","3","3","2","1","313","262","0","575","1",
"Graduate","0","0","0","0","0","0","0","0","0","0","0","0","0","0","0","0","0","0","0","0","0","0","2",
"Total","18","15","0","3","2","3","5","6","0","0","283","231","0","0","3","3","2","1","313","262","0","575","4",
"Garrett - Evangelical Theological Seminary","","","","","","","","","","","","","","","","",
"Undergraduate","0","0","0","0","0","0","0","0","0","0","0","0","0","0","0","0","0","0","0","0","0","0","1",
"Graduate","30","24","1","1","9","5","5","3","0","0","97","71","0","0","12","27","20","13","174","144","0","318","2",
"Total","30","24","1","1","9","5","5","3","0","0","97","71","0","0","12","27","20","13","174","144","0","318","4",
"Greenville University","","","","","","","","","","","","","","","","",
"Undergraduate","41","49","4","5","8","5","9","15","0","0","617","478","0","0","6","11","46","28","731","591","0","1,322","1",
"Graduate","3","2","0","0","0","0","1","0","0","0","68","30","0","0","0","0","17","8","89","40","0","129","2",
"Total","44","51","4","5","8","5","10","15","0","0","685","508","0","0","6","11","63","36","820","631","0","1,451","4",
"Hebrew Theological College","","","","","","","","","","","","","","","","",
"Undergraduate","0","0","0","0","0","0","0","0","0","0","366","56","0","0","0","0","0","0","366","56","0","422","1",
"Graduate","0","0","0","0","0","0","0","0","0","0","0","5","0","0","0","0","0","0","0","5","0","5","2",
"Total","0","0","0","0","0","0","0","0","0","0","366","61","0","0","0","0","0","0","366","61","0","427","4",
"Illinois Baptist College","","","","","","","","","","","","","","","","",
"Undergraduate","0","2","0","0","0","0","0","0","0","0","0","5","0","0","3","15","0","0","3","22","0","25","1",
"Graduate","0","0","0","0","0","0","0","0","0","0","0","0","0","0","0","0","0","0","0","0","0","0","2",
"Total","0","2","0","0","0","0","0","0","0","0","0","5","0","0","3","15","0","0","3","22","0","25","4",
"Illinois College","","","","","","","","","","","","","","","","",
"Undergraduate","16","20","3","1","3","5","4","8","0","0","494","430","0","0","13","10","11","5","544","479","0","1,023","1",
"Graduate","0","0","0","0","0","0","0","0","0","0","0","0","0","0","0","0","0","0","0","0","0","0","2",
"Total","16","20","3","1","3","5","4","8","0","0","494","430","0","0","13","10","11","5","544","479","0","1,023","4",
"Illinois College of Optometry","","","","","","","","","","","","","","","","",
"Undergraduate","0","0","0","0","0","0","0","0","0","0","0","0","0","0","0","0","0","0","0","0","0","0","1",
"Graduate","10","2","2","3","109","31","10","3","0","0","210","130","0","0","58","36","0","0","399","205","0","604","2",
"Total","10","2","2","3","109","31","10","3","0","0","210","130","0","0","58","36","0","0","399","205","0","604","4",
"Illinois Institute of Technology","","","","","","","","","","","","","","","","",
"Undergraduate","44","66","5","4","93","250","45","109","0","0","249","952","0","0","98","230","52","156","586","1,767","0","2,353","1",
"Graduate","106","90","6","2","121","165","69","71","0","0","636","986","0","0","575","1,346","99","123","1,612","2,783","0","4,395","2",
"Total","150","156","11","6","214","415","114","180","0","0","885","1,938","0","0","673","1,576","151","279","2,198","4,550","0","6,748","4",
"Illinois Wesleyan University","","","","","","","","","","","","","","","","",
"Undergraduate","52","48","6","2","47","30","48","22","0","0","1,015","746","0","0","18","29","48","33","1,234","910","0","2,144","1",
"Graduate","0","0","0","0","0","0","0","0","0","0","0","0","0","0","0","0","0","0","0","0","0","0","2",
"Total","52","48","6","2","47","30","48","22","0","0","1,015","746","0","0","18","29","48","33","1,234","910","0","2,144","4",
"Institute for Clinical Social Work","","","","","","","","","","","","","","","","",
"Undergraduate","0","0","0","0","0","0","0","0","0","0","0","0","0","0","0","0","0","0","0","0","0","0","1",
"Graduate","5","2","0","0","3","1","2","0","0","0","61","15","0","0","0","0","0","0","71","18","0","89","2",
"Total","5","2","0","0","3","1","2","0","0","0","61","15","0","0","0","0","0","0","71","18","0","89","4",
"Judson University","","","","","","","","","","","","","","","","",
"Undergraduate","39","15","0","1","8","7","30","26","0","0","434","331","0","0","23","26","158","82","692","488","0","1,180","1",
"Graduate","0","0","0","0","2","0","0","0","0","0","32","22","0","0","0","0","3","4","37","26","0","63","2",
"Total","39","15","0","1","10","7","30","26","0","0","466","353","0","0","23","26","161","86","729","514","0","1,243","4",
"Knowledge Systems Institute","","","","","","","","","","","","","","","","",
"Undergraduate","0","0","0","0","0","0","0","0","0","0","0","0","0","0","0","0","0","0","0","0","0","0","1",
"Graduate","2","3","0","0","9","4","0","1","0","0","2","6","0","0","8","39","0","0","21","53","0","74","2",
"Total","2","3","0","0","9","4","0","1","0","0","2","6","0","0","8","39","0","0","21","53","0","74","4",
"Knox College","","","","","","","","","","","","","","","","",
"Undergraduate","37","17","6","2","46","33","33","26","0","0","557","441","0","0","47","45","33","28","759","592","0","1,351","1",
"Graduate","0","0","0","0","0","0","0","0","0","0","0","0","0","0","0","0","0","0","0","0","0","0","2",
"Total","37","17","6","2","46","33","33","26","0","0","557","441","0","0","47","45","33","28","759","592","0","1,351","4",
"Lake Forest College","","","","","","","","","","","","","","","","",
"Undergraduate","32","22","3","0","35","32","54","38","0","0","646","458","0","0","53","49","0","0","823","599","0","1,422","1",
"Graduate","0","0","0","0","1","0","0","0","0","0","16","9","0","0","0","0","0","0","17","9","0","26","2",
"Total","32","22","3","0","36","32","54","38","0","0","662","467","0","0","53","49","0","0","840","608","0","1,448","4",
"Lake Forest Graduate School of Mgmt.","","","","","","","","","","","","","","","","",
"Undergraduate","0","0","0","0","0","0","0","0","0","0","0","0","0","0","0","0","0","0","0","0","0","0","1",
"Graduate","45","20","0","0","38","82","8","18","0","0","210","363","0","0","0","0","7","6","308","489","0","797","2",
"Total","45","20","0","0","38","82","8","18","0","0","210","363","0","0","0","0","7","6","308","489","0","797","4",
"Lakeview College of Nursing","","","","","","","","","","","","","","","","",
"Undergraduate","33","8","1","0","26","7","8","1","0","0","147","12","0","0","0","0","9","0","224","28","0","252","1",
"Graduate","0","0","0","0","0","0","0","0","0","0","0","0","0","0","0","0","0","0","0","0","0","0","2",
"Total","33","8","1","0","26","7","8","1","0","0","147","12","0","0","0","0","9","0","224","28","0","252","4",
"Lewis University","","","","","","","","","","","","","","","","",
"Undergraduate","288","139","6","3","93","51","218","169","0","0","1,572","1,072","0","0","58","64","81","36","2,316","1,534","0","3,850","1",
"Graduate","130","56","1","0","15","7","45","35","0","0","720","372","0","0","10","10","26","12","947","492","0","1,439","2",
"Total","418","195","7","3","108","58","263","204","0","0","2,292","1,444","0","0","68","74","107","48","3,263","2,026","0","5,289","4",
"Lexington College","","","","","","","","","","","","","","","","",
"Undergraduate","23","0","0","0","1","0","16","0","0","0","13","0","0","0","3","0","1","0","57","0","0","57","1",
"Graduate","0","0","0","0","0","0","0","0","0","0","0","0","0","0","0","0","0","0","0","0","0","0","2",
"Total","23","0","0","0","1","0","16","0","0","0","13","0","0","0","3","0","1","0","57","0","0","57","4",
"Lincoln Christian University","","","","","","","","","","","","","","","","",
"Undergraduate","16","14","1","0","1","1","2","3","0","0","340","357","0","0","5","6","4","4","369","385","0","754","1",
"Graduate","7","3","2","0","1","1","1","2","0","0","101","213","0","0","5","9","3","3","120","231","0","351","2",
"Total","23","17","3","0","2","2","3","5","0","0","441","570","0","0","10","15","7","7","489","616","0","1,105","4",
"Lincoln College","","","","","","","","","","","","","","","","",
"Undergraduate","121","124","2","2","3","3","14","33","0","0","487","363","0","0","0","0","34","31","661","556","0","1,217","1",
"Graduate","0","0","0","0","0","0","0","0","0","0","0","0","0","0","0","0","0","0","0","0","0","0","2",
"Total","121","124","2","2","3","3","14","33","0","0","487","363","0","0","0","0","34","31","661","556","0","1,217","4",
"Loyola University of Chicago","","","","","","","","","","","","","","","","",
"Undergraduate","439","123","14","8","658","441","663","285","0","0","3,776","2,092","0","0","93","60","666","407","6,309","3,416","0","9,725","1",
"Graduate","288","90","3","3","209","111","141","91","0","0","2,193","1,348","0","0","136","115","475","266","3,445","2,024","0","5,469","2",
"Total","727","213","17","11","867","552","804","376","0","0","5,969","3,440","0","0","229","175","1,141","673","9,754","5,440","0","15,194","4",
"Lutheran School of Theology at Chicago","","","","","","","","","","","","","","","","",
"Undergraduate","0","0","0","0","0","0","0","0","0","0","0","0","0","0","0","0","0","0","0","0","0","0","1",
"Graduate","15","6","0","0","3","3","9","11","0","0","158","122","0","0","10","46","0","0","195","188","0","383","2",
"Total","15","6","0","0","3","3","9","11","0","0","158","122","0","0","10","46","0","0","195","188","0","383","4",
"MacCormac College","","","","","","","","","","","","","","","","",
"Undergraduate","56","20","0","0","3","1","31","9","0","0","41","7","0","0","12","5","0","0","143","42","0","185","1",
"Graduate","0","0","0","0","0","0","0","0","0","0","0","0","0","0","0","0","0","0","0","0","0","0","2",
"Total","56","20","0","0","3","1","31","9","0","0","41","7","0","0","12","5","0","0","143","42","0","185","4",
"MacMurray College","","","","","","","","","","","","","","","","",
"Undergraduate","32","49","3","1","3","1","11","12","0","0","364","174","0","0","1","0","30","18","444","255","0","699","1",
"Graduate","0","0","0","0","0","0","0","0","0","0","0","0","0","0","0","0","0","0","0","0","0","0","2",
"Total","32","49","3","1","3","1","11","12","0","0","364","174","0","0","1","0","30","18","444","255","0","699","4",
"McCormick Theological Seminary","","","","","","","","","","","","","","","","",
"Undergraduate","0","0","0","0","0","0","0","0","0","0","0","0","0","0","0","0","0","0","0","0","0","0","1",
"Graduate","48","32","0","0","6","13","5","6","0","0","71","50","0","0","9","19","7","12","146","132","0","278","2",
"Total","48","32","0","0","6","13","5","6","0","0","71","50","0","0","9","19","7","12","146","132","0","278","4",
"McKendree University","","","","","","","","","","","","","","","","",
"Undergraduate","140","176","3","3","13","14","15","35","0","0","1,112","764","0","0","16","47","34","27","1,333","1,066","0","2,399","1",
"Graduate","107","16","3","1","0","0","2","2","0","0","509","121","0","0","1","0","40","11","662","151","0","813","2",
"Total","247","192","6","4","13","14","17","37","0","0","1,621","885","0","0","17","47","74","38","1,995","1,217","0","3,212","4",
"Meadville - Lombard Theo. School","","","","","","","","","","","","","","","","",
"Undergraduate","0","0","0","0","0","0","0","0","0","0","0","0","0","0","0","0","0","0","0","0","0","0","1",
"Graduate","5","2","0","0","0","0","3","1","0","0","79","42","0","0","3","1","0","0","90","46","0","136","2",
"Total","5","2","0","0","0","0","3","1","0","0","79","42","0","0","3","1","0","0","90","46","0","136","4",
"Midwestern University","","","","","","","","","","","","","","","","",
"Undergraduate","0","0","0","0","0","1","0","0","0","0","2","0","0","0","0","0","0","0","2","1","0","3","1",
"Graduate","30","14","1","1","302","156","25","14","0","0","767","430","0","0","17","8","141","69","1,283","692","0","1,975","2",
"Total","30","14","1","1","302","157","25","14","0","0","769","430","0","0","17","8","141","69","1,285","693","0","1,978","4",
"Millikin University","","","","","","","","","","","","","","","","",
"Undergraduate","113","110","6","1","25","13","28","35","0","0","1,201","802","0","0","4","5","64","46","1,441","1,012","0","2,453","1",
"Graduate","1","0","0","0","0","2","1","0","0","0","12","17","0","0","1","0","1","0","16","19","0","35","2",
"Total","114","110","6","1","25","15","29","35","0","0","1,213","819","0","0","5","5","65","46","1,457","1,031","0","2,488","4",
"Monmouth College","","","","","","","","","","","","","","","","",
"Undergraduate","26","30","4","3","10","6","35","19","0","0","651","530","0","0","11","24","4","6","741","618","0","1,359","1",
"Graduate","0","0","0","0","0","0","0","0","0","0","0","0","0","0","0","0","0","0","0","0","0","0","2",
"Total","26","30","4","3","10","6","35","19","0","0","651","530","0","0","11","24","4","6","741","618","0","1,359","4",
"Moody Bible Institute","","","","","","","","","","","","","","","","",
"Undergraduate","41","59","5","3","28","30","47","67","0","0","656","909","0","0","31","47","151","218","959","1,333","0","2,292","1",
"Graduate","23","28","0","0","9","28","3","8","0","0","75","144","0","0","17","10","8","16","135","234","0","369","2",
"Total","64","87","5","3","37","58","50","75","0","0","731","1,053","0","0","48","57","159","234","1,094","1,567","0","2,661","4",
"Morrison Institute of Technology","","","","","","","","","","","","","","","","",
"Undergraduate","1","8","0","0","0","0","0","4","0","0","13","119","0","0","0","1","0","1","14","133","0","147","1",
"Graduate","0","0","0","0","0","0","0","0","0","0","0","0","0","0","0","0","0","0","0","0","0","0","2",
"Total","1","8","0","0","0","0","0","4","0","0","13","119","0","0","0","1","0","1","14","133","0","147","4",
"National College of Naprapathic Medicine","","","","","","","","","","","","","","","","",
"Undergraduate","0","0","0","0","0","0","0","0","0","0","0","0","0","0","0","0","0","0","0","0","0","0","1",
"Graduate","8","8","0","0","3","4","0","2","0","0","11","4","0","0","0","0","0","0","22","18","0","40","2",
"Total","8","8","0","0","3","4","0","2","0","0","11","4","0","0","0","0","0","0","22","18","0","40","4",
"National Louis University","","","","","","","","","","","","","","","","",
"Undergraduate","498","137","3","3","38","14","172","48","0","0","382","182","0","0","1","1","471","118","1,565","503","0","2,068","1",
"Graduate","529","154","9","3","89","22","302","79","0","0","2,422","646","0","0","1","1","710","254","4,062","1,159","0","5,221","2",
"Total","1,027","291","12","6","127","36","474","127","0","0","2,804","828","0","0","2","2","1,181","372","5,627","1,662","0","7,289","4",
"National University of Health Sciences","","","","","","","","","","","","","","","","",
"Undergraduate","9","2","0","0","8","7","8","2","0","0","76","34","0","0","0","0","19","4","120","49","0","169","1",
"Graduate","16","6","0","0","21","27","7","11","0","0","131","159","0","0","0","0","3","0","178","203","0","381","2",
"Total","25","8","0","0","29","34","15","13","0","0","207","193","0","0","0","0","22","4","298","252","0","550","4",
"North Central College","","","","","","","","","","","","","","","","",
"Undergraduate","43","34","4","2","44","28","60","40","0","0","1,045","726","0","0","16","12","90","92","1,302","934","0","2,236","1",
"Graduate","9","0","0","3","1","5","7","5","0","0","142","119","0","0","2","2","10","15","171","149","0","320","2",
"Total","52","34","4","5","45","33","67","45","0","0","1,187","845","0","0","18","14","100","107","1,473","1,083","0","2,556","4",
"North Park University","","","","","","","","","","","","","","","","",
"Undergraduate","112","100","6","3","94","47","149","53","0","0","808","418","0","0","39","37","102","63","1,310","721","0","2,031","1",
"Graduate","67","26","1","0","49","23","38","20","0","0","295","179","0","0","10","6","203","75","663","329","0","992","2",
"Total","179","126","7","3","143","70","187","73","0","0","1,103","597","0","0","49","43","305","138","1,973","1,050","0","3,023","4",
"Northern Baptist Theo. Seminary","","","","","","","","","","","","","","","","",
"Undergraduate","0","0","0","0","0","0","0","0","0","0","0","0","0","0","0","0","0","0","0","0","0","0","1",
"Graduate","18","37","0","0","0","13","0","3","0","0","40","54","0","0","0","3","0","0","58","110","0","168","2",
"Total","18","37","0","0","0","13","0","3","0","0","40","54","0","0","0","3","0","0","58","110","0","168","4",
"Northwestern University","","","","","","","","","","","","","","","","",
"Undergraduate","340","187","6","6","706","689","350","204","0","0","2,799","2,563","0","0","207","246","501","375","4,909","4,270","0","9,179","1",
"Graduate","240","125","11","16","461","458","129","130","0","0","2,005","2,297","0","0","655","1,192","617","971","4,118","5,189","0","9,307","2",
"Total","580","312","17","22","1,167","1,147","479","334","0","0","4,804","4,860","0","0","862","1,438","1,118","1,346","9,027","9,459","0","18,486","4",
"Olivet Nazarene University","","","","","","","","","","","","","","","","",
"Undergraduate","233","84","2","4","44","11","77","50","0","0","1,480","975","0","0","7","11","0","0","1,843","1,135","0","2,978","1",
"Graduate","74","26","2","3","3","7","35","9","0","0","856","356","0","0","2","2","102","31","1,074","434","0","1,508","2",
"Total","307","110","4","7","47","18","112","59","0","0","2,336","1,331","0","0","9","13","102","31","2,917","1,569","0","4,486","4",
"Principia College","","","","","","","","","","","","","","","","",
"Undergraduate","2","1","1","0","4","2","7","3","0","0","218","190","0","0","35","35","12","15","279","246","0","525","1",
"Graduate","0","0","0","0","0","0","0","0","0","0","0","0","0","0","0","0","0","0","0","0","0","0","2",
"Total","2","1","1","0","4","2","7","3","0","0","218","190","0","0","35","35","12","15","279","246","0","525","4",
"Quincy University","","","","","","","","","","","","","","","","",
"Undergraduate","28","26","0","0","8","5","10","13","0","0","458","302","0","0","6","5","72","72","582","423","0","1,005","1",
"Graduate","1","1","0","0","1","0","4","1","0","0","118","49","0","0","1","1","54","14","179","66","0","245","2",
"Total","29","27","0","0","9","5","14","14","0","0","576","351","0","0","7","6","126","86","761","489","0","1,250","4",
"Resurrection University","","","","","","","","","","","","","","","","",
"Undergraduate","29","4","0","0","40","7","21","4","0","0","52","2","0","0","0","0","16","0","158","17","0","175","1",
"Graduate","1","0","0","0","2","1","0","0","0","0","4","0","0","0","0","0","0","0","7","1","0","8","2",
"Total","30","4","0","0","42","8","21","4","0","0","56","2","0","0","0","0","16","0","165","18","0","183","4",
"Robert Morris University-Illinois","","","","","","","","","","","","","","","","",
"Undergraduate","1,181","442","17","12","65","54","712","335","0","0","840","707","0","0","15","9","79","44","2,909","1,603","0","4,512","1",
"Graduate","63","12","1","0","4","7","22","14","0","0","34","21","0","0","1","4","5","1","130","59","0","189","2",
"Total","1,244","454","18","12","69","61","734","349","0","0","874","728","0","0","16","13","84","45","3,039","1,662","0","4,701","4",
"Rockford University","","","","","","","","","","","","","","","","",
"Undergraduate","31","31","2","1","13","5","30","18","0","0","436","221","0","0","5","3","56","28","573","307","0","880","1",
"Graduate","10","6","0","0","6","2","25","11","0","0","142","64","0","0","0","2","184","94","367","179","0","546","2",
"Total","41","37","2","1","19","7","55","29","0","0","578","285","0","0","5","5","240","122","940","486","0","1,426","4",
"Roosevelt University","","","","","","","","","","","","","","","","",
"Undergraduate","695","207","15","2","107","78","273","138","0","0","1,224","755","0","0","62","42","256","121","2,632","1,343","0","3,975","1",
"Graduate","576","123","8","0","91","61","117","57","0","0","1,093","509","0","0","107","69","293","107","2,285","926","0","3,211","2",
"Total","1,271","330","23","2","198","139","390","195","0","0","2,317","1,264","0","0","169","111","549","228","4,917","2,269","0","7,186","4",
"Rosalind Franklin University of Medicine &amp; Science","","","","","","","","","","","","","","","","",
"Undergraduate","2","0","0","0","3","2","0","0","0","0","1","1","0","0","0","0","0","1","6","4","0","10","1",
"Graduate","53","28","0","5","232","264","24","18","0","0","550","431","0","0","22","15","24","13","905","774","0","1,679","2",
"Total","55","28","0","5","235","266","24","18","0","0","551","432","0","0","22","15","24","14","911","778","0","1,689","4",
"Rush University","","","","","","","","","","","","","","","","",
"Undergraduate","16","1","1","0","42","4","4","3","0","0","156","22","0","0","2","2","5","1","226","33","0","259","1",
"Graduate","47","14","7","3","144","94","28","8","0","0","620","213","0","0","28","15","16","12","890","359","0","1,249","2",
"Total","63","15","8","3","186","98","32","11","0","0","776","235","0","0","30","17","21","13","1,116","392","0","1,508","4",
"School of the Art Inst. Chicago","","","","","","","","","","","","","","","","",
"Undergraduate","44","30","11","8","183","74","90","85","0","0","816","503","0","0","293","81","40","16","1,477","797","0","2,274","1",
"Graduate","11","3","0","0","24","6","11","9","0","0","242","136","0","0","84","50","17","6","389","210","0","599","2",
"Total","55","33","11","8","207","80","101","94","0","0","1,058","639","0","0","377","131","57","22","1,866","1,007","0","2,873","4",
"Shimer College","","","","","","","","","","","","","","","","",
"Undergraduate","3","4","0","0","4","1","1","1","0","0","31","34","0","0","1","1","0","0","40","41","0","81","1",
"Graduate","0","0","0","0","0","0","0","0","0","0","0","0","0","0","0","0","0","0","0","0","0","0","2",
"Total","3","4","0","0","4","1","1","1","0","0","31","34","0","0","1","1","0","0","40","41","0","81","4",
"Spertus Institute for Jewish Learning and Leadership","","","","","","","","","","","","","","","","",
"Undergraduate","0","0","0","0","0","0","0","0","0","0","0","0","0","0","0","0","0","0","0","0","0","0","1",
"Graduate","55","6","0","0","1","0","0","1","0","0","45","32","0","0","0","0","0","0","101","39","0","140","2",
"Total","55","6","0","0","1","0","0","1","0","0","45","32","0","0","0","0","0","0","101","39","0","140","4",
"Springfield College in Illinois","","","","","","","","","","","","","","","","",
"Undergraduate","51","7","0","0","2","1","4","2","0","0","320","158","0","0","1","1","22","8","400","177","0","577","1",
"Graduate","0","0","0","0","0","0","0","0","0","0","0","0","0","0","0","0","0","0","0","0","0","0","2",
"Total","51","7","0","0","2","1","4","2","0","0","320","158","0","0","1","1","22","8","400","177","0","577","4",
"St. Anthony College of Nursing","","","","","","","","","","","","","","","","",
"Undergraduate","0","0","0","0","3","2","6","0","0","0","120","10","0","0","0","0","3","2","132","14","0","146","1",
"Graduate","1","0","0","0","0","0","1","0","0","0","12","1","0","0","0","0","0","0","14","1","0","15","2",
"Total","1","0","0","0","3","2","7","0","0","0","132","11","0","0","0","0","3","2","146","15","0","161","4",
"St. Augustine College","","","","","","","","","","","","","","","","",
"Undergraduate","62","25","2","1","44","66","868","215","0","0","8","6","0","0","0","0","0","2","984","315","0","1,299","1",
"Graduate","0","0","0","0","0","0","0","0","0","0","0","0","0","0","0","0","0","0","0","0","0","0","2",
"Total","62","25","2","1","44","66","868","215","0","0","8","6","0","0","0","0","0","2","984","315","0","1,299","4",
"St. Francis Medical Center College of Nursing","","","","","","","","","","","","","","","","",
"Undergraduate","8","0","0","0","2","1","6","1","0","0","220","32","0","0","0","0","0","0","236","34","0","270","1",
"Graduate","1","0","0","0","1","0","2","2","0","0","68","3","0","0","0","0","0","0","72","5","0","77","2",
"Total","9","0","0","0","3","1","8","3","0","0","288","35","0","0","0","0","0","0","308","39","0","347","4",
"St. Johns College","","","","","","","","","","","","","","","","",
"Undergraduate","1","1","0","0","0","0","0","0","0","0","57","2","0","0","2","0","0","0","60","3","0","63","1",
"Graduate","0","0","0","0","0","0","0","0","0","0","0","0","0","0","0","0","0","0","0","0","0","0","2",
"Total","1","1","0","0","0","0","0","0","0","0","57","2","0","0","2","0","0","0","60","3","0","63","4",
"St. Sava Serb. Orth. Sch. Theo.","","","","","","","","","","","","","","","","",
"Undergraduate","0","0","0","0","0","0","0","0","0","0","0","0","0","0","1","31","0","0","1","31","0","32","1",
"Graduate","0","0","0","0","0","0","0","0","0","0","0","0","0","0","0","0","0","0","0","0","0","0","2",
"Total","0","0","0","0","0","0","0","0","0","0","0","0","0","0","1","31","0","0","1","31","0","32","4",
"St. Xavier University","","","","","","","","","","","","","","","","",
"Undergraduate","464","113","8","3","81","21","328","105","0","0","1,400","627","0","0","10","3","107","46","2,398","918","0","3,316","1",
"Graduate","215","55","1","1","20","6","67","18","0","0","1,447","319","0","0","7","7","107","71","1,864","477","0","2,341","2",
"Total","679","168","9","4","101","27","395","123","0","0","2,847","946","0","0","17","10","214","117","4,262","1,395","0","5,657","4",
"Telshe Yeshiva","","","","","","","","","","","","","","","","",
"Undergraduate","0","0","0","0","0","0","0","0","0","0","0","55","0","0","0","6","0","0","0","61","0","61","1",
"Graduate","0","0","0","0","0","0","0","0","0","0","0","15","0","0","0","0","0","0","0","15","0","15","2",
"Total","0","0","0","0","0","0","0","0","0","0","0","70","0","0","0","6","0","0","0","76","0","76","4",
"The Chicago Institute for Psychoanalysis","","","","","","","","","","","","","","","","",
"Undergraduate","0","0","0","0","0","0","0","0","0","0","0","0","0","0","0","0","0","0","0","0","0","0","1",
"Graduate","0","0","0","0","2","0","0","1","0","0","46","24","0","0","0","0","0","0","48","25","0","73","2",
"Total","0","0","0","0","2","0","0","1","0","0","46","24","0","0","0","0","0","0","48","25","0","73","4",
"The John Marshall Law School","","","","","","","","","","","","","","","","",
"Undergraduate","0","0","0","0","0","0","0","0","0","0","0","0","0","0","0","0","0","0","0","0","0","0","1",
"Graduate","52","23","4","6","44","57","21","45","0","0","481","706","0","0","28","22","37","51","667","910","0","1,577","2",
"Total","52","23","4","6","44","57","21","45","0","0","481","706","0","0","28","22","37","51","667","910","0","1,577","4",
"Toyota Technological Institute at Chicago","","","","","","","","","","","","","","","","",
"Undergraduate","0","0","0","0","0","0","0","0","0","0","0","0","0","0","0","0","0","0","0","0","0","0","1",
"Graduate","0","0","0","0","0","1","0","0","0","0","1","2","0","0","0","4","0","0","1","7","0","8","2",
"Total","0","0","0","0","0","1","0","0","0","0","1","2","0","0","0","4","0","0","1","7","0","8","4",
"Trinity Christian College","","","","","","","","","","","","","","","","",
"Undergraduate","74","34","1","0","16","11","55","13","0","0","676","346","0","0","5","13","48","18","875","435","0","1,310","1",
"Graduate","0","0","0","0","0","0","0","0","0","0","0","0","0","0","0","0","0","0","0","0","0","0","2",
"Total","74","34","1","0","16","11","55","13","0","0","676","346","0","0","5","13","48","18","875","435","0","1,310","4",
"Trinity College of Nursing &amp; Health Sciences","","","","","","","","","","","","","","","","",
"Undergraduate","1","1","0","0","1","0","7","0","0","0","163","37","0","0","0","0","1","0","173","38","0","211","1",
"Graduate","0","0","0","0","0","0","0","0","0","0","0","0","0","0","0","0","0","0","0","0","0","0","2",
"Total","1","1","0","0","1","0","7","0","0","0","163","37","0","0","0","0","1","0","173","38","0","211","4",
"Trinity International University","","","","","","","","","","","","","","","","",
"Undergraduate","74","76","2","1","12","17","22","27","0","0","440","312","0","0","1","2","45","28","596","463","0","1,059","1",
"Graduate","23","30","0","2","38","99","5","10","0","0","224","675","0","0","36","109","121","317","447","1,242","0","1,689","2",
"Total","97","106","2","3","50","116","27","37","0","0","664","987","0","0","37","111","166","345","1,043","1,705","0","2,748","4",
"Univ. of St. Mary of the Lake","","","","","","","","","","","","","","","","",
"Undergraduate","0","0","0","0","0","0","0","0","0","0","0","0","0","0","0","0","0","0","0","0","0","0","1",
"Graduate","0","1","0","0","0","0","0","5","0","0","4","146","0","0","0","95","0","0","4","247","0","251","2",
"Total","0","1","0","0","0","0","0","5","0","0","4","146","0","0","0","95","0","0","4","247","0","251","4",
"University of Chicago","","","","","","","","","","","","","","","","",
"Undergraduate","137","78","7","7","349","296","210","175","0","0","1,113","1,208","0","0","166","201","439","421","2,421","2,386","0","4,807","1",
"Graduate","227","185","16","9","398","615","160","163","0","0","1,885","2,743","0","0","784","1,422","389","460","3,859","5,597","0","9,456","2",
"Total","364","263","23","16","747","911","370","338","0","0","2,998","3,951","0","0","950","1,623","828","881","6,280","7,983","0","14,263","4",
"University of St. Francis","","","","","","","","","","","","","","","","",
"Undergraduate","108","49","3","0","67","12","80","42","0","0","1,137","372","0","0","3","6","230","43","1,628","524","0","2,152","1",
"Graduate","98","20","4","0","21","7","41","10","0","0","948","223","0","0","1","0","135","49","1,248","309","0","1,557","2",
"Total","206","69","7","0","88","19","121","52","0","0","2,085","595","0","0","4","6","365","92","2,876","833","0","3,709","4",
"VanderCook College of Music","","","","","","","","","","","","","","","","",
"Undergraduate","3","15","0","0","1","1","4","16","0","0","41","29","0","0","0","2","20","23","69","86","0","155","1",
"Graduate","1","1","1","0","2","0","1","2","0","0","31","24","0","0","0","0","18","16","54","43","0","97","2",
"Total","4","16","1","0","3","1","5","18","0","0","72","53","0","0","0","2","38","39","123","129","0","252","4",
"Wheaton College","","","","","","","","","","","","","","","","",
"Undergraduate","36","22","4","4","84","81","35","36","0","0","1,014","1,006","0","0","19","11","8","5","1,200","1,165","0","2,365","1",
"Graduate","6","6","0","0","25","9","6","6","0","0","200","181","0","0","30","10","42","38","309","250","0","559","2",
"Total","42","28","4","4","109","90","41","42","0","0","1,214","1,187","0","0","49","21","50","43","1,509","1,415","0","2,924","4",
" Total Enrollment at Independent NFP Institutions","","","","","","","","","","","","","","","","",
"Undergraduate","9,006","4,707","254","176","4,504","3,713","7,499","4,265","0","0","49,203","36,507","0","0","1,668","1,722","5,874","4,181","78,008","55,271","0","133,279","11",
"Graduate","4,437","1,722","108","83","2,934","2,822","2,081","1,263","0","0","27,467","19,044","0","0","3,091","5,514","5,560","4,334","45,678","34,782","0","80,460","12",
"Sector Total","13,443","6,429","362","259","7,438","6,535","9,580","5,528","0","0","76,670","55,551","0","0","4,759","7,236","11,434","8,515","123,686","90,053","0","213,739","14",
" Independent For-Profit Institutions:","","","","","","","","","","","","","","","","",
"American InterContinental University","","","","","","","","","","","","","","","","",
"Undergraduate","284","91","3","0","14","11","81","36","0","0","398","247","0","0","0","0","74","48","854","433","0","1,287","1",
"Graduate","51","26","0","0","4","4","6","6","0","0","43","35","0","0","0","0","18","13","122","84","0","206","2",
"Total","335","117","3","0","18","15","87","42","0","0","441","282","0","0","0","0","92","61","976","517","0","1,493","4",
"Cardean University","","","","","","","","","","","","","","","","",
"Undergraduate","5","0","1","0","1","0","3","0","0","0","19","4","0","0","1","1","3","2","33","7","0","40","1",
"Graduate","12","6","0","1","2","9","2","1","0","0","59","37","0","0","4","26","16","26","95","106","0","201","2",
"Total","17","6","1","1","3","9","5","1","0","0","78","41","0","0","5","27","19","28","128","113","0","241","4",
"Coyne College","","","","","","","","","","","","","","","","",
"Undergraduate","83","180","1","0","1","9","20","195","0","0","6","95","0","0","0","0","2","15","113","494","0","607","1",
"Graduate","0","0","0","0","0","0","0","0","0","0","0","0","0","0","0","0","0","0","0","0","0","0","2",
"Total","83","180","1","0","1","9","20","195","0","0","6","95","0","0","0","0","2","15","113","494","0","607","4",
"DeVry University (Closed)","","","","","","","","","","","","","","","","",
"Undergraduate","1,723","1,264","37","39","205","356","614","833","0","0","2,066","3,705","0","0","86","155","103","141","4,834","6,493","0","11,327","1",
"Graduate","1,090","366","12","7","129","154","159","124","0","0","1,018","966","0","0","59","58","345","299","2,812","1,974","0","4,786","2",
"Total","2,813","1,630","49","46","334","510","773","957","0","0","3,084","4,671","0","0","145","213","448","440","7,646","8,467","0","16,113","4",
"Fox College","","","","","","","","","","","","","","","","",
"Undergraduate","23","2","0","0","1","0","77","12","0","0","72","5","0","0","0","0","0","0","173","19","0","192","1",
"Graduate","0","0","0","0","0","0","0","0","0","0","0","0","0","0","0","0","0","0","0","0","0","0","2",
"Total","23","2","0","0","1","0","77","12","0","0","72","5","0","0","0","0","0","0","173","19","0","192","4",
"Harrington College of Design","","","","","","","","","","","","","","","","",
"Undergraduate","70","11","5","1","39","13","98","21","0","0","712","89","0","0","0","0","367","83","1,291","218","0","1,509","1",
"Graduate","0","0","0","0","0","0","0","0","0","0","0","0","0","0","0","0","0","0","0","0","0","0","2",
"Total","70","11","5","1","39","13","98","21","0","0","712","89","0","0","0","0","367","83","1,291","218","0","1,509","4",
"Kendall College","","","","","","","","","","","","","","","","",
"Undergraduate","84","21","1","1","27","26","63","21","0","0","391","219","0","0","20","18","39","19","625","325","0","950","1",
"Graduate","0","0","0","0","0","0","0","0","0","0","0","0","0","0","0","0","0","0","0","0","0","0","2",
"Total","84","21","1","1","27","26","63","21","0","0","391","219","0","0","20","18","39","19","625","325","0","950","4",
"Le Cordon Bleu College of Culinary Arts in Chicago","","","","","","","","","","","","","","","","",
"Undergraduate","74","70","1","3","13","28","63","80","0","0","183","286","0","0","0","0","44","53","378","520","0","898","1",
"Graduate","0","0","0","0","0","0","0","0","0","0","0","0","0","0","0","0","0","0","0","0","0","0","2",
"Total","74","70","1","3","13","28","63","80","0","0","183","286","0","0","0","0","44","53","378","520","0","898","4",
"Midstate College","","","","","","","","","","","","","","","","",
"Undergraduate","110","17","1","0","1","0","2","0","0","0","386","87","0","0","0","0","4","1","504","105","0","609","1",
"Graduate","0","0","0","0","0","0","0","0","0","0","0","0","0","0","0","0","0","0","0","0","0","0","2",
"Total","110","17","1","0","1","0","2","0","0","0","386","87","0","0","0","0","4","1","504","105","0","609","4",
"Northwestern College-Chicago","","","","","","","","","","","","","","","","",
"Undergraduate","345","69","5","0","28","13","278","74","0","0","204","51","0","0","0","0","22","4","882","211","0","1,093","1",
"Graduate","0","0","0","0","0","0","0","0","0","0","0","0","0","0","0","0","0","0","0","0","0","0","2",
"Total","345","69","5","0","28","13","278","74","0","0","204","51","0","0","0","0","22","4","882","211","0","1,093","4",
"Northwestern College-Southwest","","","","","","","","","","","","","","","","",
"Undergraduate","386","74","4","0","2","3","290","80","0","0","214","41","0","0","0","0","24","4","920","202","0","1,122","1",
"Graduate","0","0","0","0","0","0","0","0","0","0","0","0","0","0","0","0","0","0","0","0","0","0","2",
"Total","386","74","4","0","2","3","290","80","0","0","214","41","0","0","0","0","24","4","920","202","0","1,122","4",
"Sanford Brown College - Chicago","","","","","","","","","","","","","","","","",
"Undergraduate","571","307","8","3","76","24","311","167","0","0","808","264","0","0","42","30","0","0","1,816","795","0","2,611","1",
"Graduate","0","0","0","0","0","0","0","0","0","0","0","0","0","0","0","0","0","0","0","0","0","0","2",
"Total","571","307","8","3","76","24","311","167","0","0","808","264","0","0","42","30","0","0","1,816","795","0","2,611","4",
"Taylor Business Institute","","","","","","","","","","","","","","","","",
"Undergraduate","148","37","0","0","0","0","9","15","0","0","1","3","0","0","2","8","0","0","160","63","0","223","1",
"Graduate","0","0","0","0","0","0","0","0","0","0","0","0","0","0","0","0","0","0","0","0","0","0","2",
"Total","148","37","0","0","0","0","9","15","0","0","1","3","0","0","2","8","0","0","160","63","0","223","4",
"The College of Office Technology","","","","","","","","","","","","","","","","",
"Undergraduate","274","76","0","0","2","4","83","13","0","0","10","3","0","0","0","0","0","0","369","96","0","465","1",
"Graduate","0","0","0","0","0","0","0","0","0","0","0","0","0","0","0","0","0","0","0","0","0","0","2",
"Total","274","76","0","0","2","4","83","13","0","0","10","3","0","0","0","0","0","0","369","96","0","465","4",
"The Illinois Institute of Art-Chicago","","","","","","","","","","","","","","","","",
"Undergraduate","163","117","4","8","49","31","128","87","0","0","514","251","0","0","1","0","783","544","1,642","1,038","0","2,680","1",
"Graduate","0","0","0","0","0","0","0","0","0","0","0","0","0","0","0","0","0","0","0","0","0","0","2",
"Total","163","117","4","8","49","31","128","87","0","0","514","251","0","0","1","0","783","544","1,642","1,038","0","2,680","4",
"The Illinois Institute of Art-Schaumburg","","","","","","","","","","","","","","","","",
"Undergraduate","6","12","0","2","25","23","17","37","0","0","234","243","0","0","2","0","307","305","591","622","0","1,213","1",
"Graduate","0","0","0","0","0","0","0","0","0","0","0","0","0","0","0","0","0","0","0","0","0","0","2",
"Total","6","12","0","2","25","23","17","37","0","0","234","243","0","0","2","0","307","305","591","622","0","1,213","4",
"Westwood College-Chicago Loop","","","","","","","","","","","","","","","","",
"Undergraduate","251","156","0","0","4","8","115","116","0","0","28","46","0","0","0","1","46","53","444","380","0","824","1",
"Graduate","0","0","0","0","0","0","0","0","0","0","0","0","0","0","0","0","0","0","0","0","0","0","2",
"Total","251","156","0","0","4","8","115","116","0","0","28","46","0","0","0","1","46","53","444","380","0","824","4",
"Westwood College-DuPage","","","","","","","","","","","","","","","","",
"Undergraduate","42","44","0","4","4","14","35","48","0","0","94","239","0","0","0","1","23","86","198","436","0","634","1",
"Graduate","0","0","0","0","0","0","0","0","0","0","0","0","0","0","0","0","0","0","0","0","0","0","2",
"Total","42","44","0","4","4","14","35","48","0","0","94","239","0","0","0","1","23","86","198","436","0","634","4",
"Westwood College-O&#39;Hare Airport","","","","","","","","","","","","","","","","",
"Undergraduate","40","22","0","1","5","15","129","57","0","0","74","90","0","0","0","1","38","48","286","234","0","520","1",
"Graduate","0","0","0","0","0","0","0","0","0","0","0","0","0","0","0","0","0","0","0","0","0","0","2",
"Total","40","22","0","1","5","15","129","57","0","0","74","90","0","0","0","1","38","48","286","234","0","520","4",
"Westwood College-River Oaks","","","","","","","","","","","","","","","","",
"Undergraduate","321","168","2","0","2","2","47","39","0","0","34","45","0","0","0","0","38","43","444","297","0","741","1",
"Graduate","0","0","0","0","0","0","0","0","0","0","0","0","0","0","0","0","0","0","0","0","0","0","2",
"Total","321","168","2","0","2","2","47","39","0","0","34","45","0","0","0","0","38","43","444","297","0","741","4",
"Worsham College of Mortuary Science","","","","","","","","","","","","","","","","",
"Undergraduate","7","4","0","0","0","0","1","0","0","0","43","50","0","0","0","0","0","0","51","54","0","105","1",
"Graduate","0","0","0","0","0","0","0","0","0","0","0","0","0","0","0","0","0","0","0","0","0","0","2",
"Total","7","4","0","0","0","0","1","0","0","0","43","50","0","0","0","0","0","0","51","54","0","105","4",
" Total Enrollment at Independent For-Profit Institutions","","","","","","","","","","","","","","","","",
"Undergraduate","5,010","2,742","73","62","499","580","2,464","1,931","0","0","6,491","6,063","0","0","154","215","1,917","1,449","16,608","13,042","0","29,650","11",
"Graduate","1,153","398","12","8","135","167","167","131","0","0","1,120","1,038","0","0","63","84","379","338","3,029","2,164","0","5,193","12",
"Sector Total","6,163","3,140","85","70","634","747","2,631","2,062","0","0","7,611","7,101","0","0","217","299","2,296","1,787","19,637","15,206","0","34,843","14",
" Out-of-State Institutions:","","","","","","","","","","","","","","","","",
"American College of Education","","","","","","","","","","","","","","","","",
"Undergraduate","0","0","0","0","0","0","0","0","0","0","0","0","0","0","0","0","0","0","0","0","0","0","1",
"Graduate","7","0","0","0","1","0","4","3","0","0","9","0","0","0","0","0","0","0","21","3","0","24","2",
"Total","7","0","0","0","1","0","4","3","0","0","9","0","0","0","0","0","0","0","21","3","0","24","4",
"Argosy University-Chicago Campus","","","","","","","","","","","","","","","","",
"Undergraduate","11","3","0","0","0","1","8","3","0","0","14","5","0","0","0","2","9","0","42","14","0","56","1",
"Graduate","211","47","2","0","33","4","29","6","0","0","397","148","0","0","30","6","76","32","778","243","0","1,021","2",
"Total","222","50","2","0","33","5","37","9","0","0","411","153","0","0","30","8","85","32","820","257","0","1,077","4",
"Argosy University-Schaumburg Campus","","","","","","","","","","","","","","","","",
"Undergraduate","2","1","1","0","3","1","4","2","0","0","42","13","0","0","1","0","3","0","56","17","0","73","1",
"Graduate","43","13","2","0","15","3","20","9","0","0","261","81","0","0","5","1","25","9","371","116","0","487","2",
"Total","45","14","3","0","18","4","24","11","0","0","303","94","0","0","6","1","28","9","427","133","0","560","4",
"Calumet College of Saint Joseph (IN)","","","","","","","","","","","","","","","","",
"Undergraduate","28","49","0","0","1","0","10","37","0","0","23","77","0","0","0","0","0","0","62","163","0","225","1",
"Graduate","4","13","0","0","0","0","1","4","0","0","3","14","0","0","0","0","0","0","8","31","0","39","2",
"Total","32","62","0","0","1","0","11","41","0","0","26","91","0","0","0","0","0","0","70","194","0","264","4",
"Columbia College (MO)","","","","","","","","","","","","","","","","",
"Undergraduate","103","53","3","1","16","13","54","43","0","0","329","187","0","0","2","0","83","63","590","360","0","950","1",
"Graduate","0","0","0","0","0","0","0","0","0","0","0","0","0","0","0","0","0","0","0","0","0","0","2",
"Total","103","53","3","1","16","13","54","43","0","0","329","187","0","0","2","0","83","63","590","360","0","950","4",
"Franklin University (OH)","","","","","","","","","","","","","","","","",
"Undergraduate","12","7","0","0","2","0","0","3","0","0","96","45","0","0","0","0","3","1","113","56","0","169","1",
"Graduate","0","0","0","0","0","0","0","0","0","0","0","0","0","0","0","0","0","0","0","0","0","0","2",
"Total","12","7","0","0","2","0","0","3","0","0","96","45","0","0","0","0","3","1","113","56","0","169","4",
"ITT Tech. Inst. - Arlington Heights","","","","","","","","","","","","","","","","",
"Undergraduate","7","35","0","3","3","41","18","122","0","0","22","274","0","0","0","0","0","8","50","483","0","533","1",
"Graduate","0","0","0","0","0","0","0","0","0","0","0","0","0","0","0","0","0","0","0","0","0","0","2",
"Total","7","35","0","3","3","41","18","122","0","0","22","274","0","0","0","0","0","8","50","483","0","533","4",
"ITT Tech. Inst. - Oak Brook","","","","","","","","","","","","","","","","",
"Undergraduate","7","54","0","1","2","6","8","90","0","0","12","100","0","0","0","0","0","0","29","251","0","280","1",
"Graduate","0","0","0","0","0","0","0","0","0","0","0","0","0","0","0","0","0","0","0","0","0","0","2",
"Total","7","54","0","1","2","6","8","90","0","0","12","100","0","0","0","0","0","0","29","251","0","280","4",
"ITT Tech. Inst. - Orland Park","","","","","","","","","","","","","","","","",
"Undergraduate","63","164","0","0","0","1","2","19","0","0","16","91","0","0","0","0","0","6","81","281","0","362","1",
"Graduate","0","0","0","0","0","0","0","0","0","0","0","0","0","0","0","0","0","0","0","0","0","0","2",
"Total","63","164","0","0","0","1","2","19","0","0","16","91","0","0","0","0","0","6","81","281","0","362","4",
"Lindenwood University (MO)","","","","","","","","","","","","","","","","",
"Undergraduate","105","22","0","0","0","1","2","1","0","0","93","48","0","0","0","0","16","4","216","76","0","292","1",
"Graduate","125","20","1","0","2","2","1","0","0","0","218","87","0","0","0","0","23","5","370","114","0","484","2",
"Total","230","42","1","0","2","3","3","1","0","0","311","135","0","0","0","0","39","9","586","190","0","776","4",
"Mid-Continent Universiy KY (Closed)","","","","","","","","","","","","","","","","",
"Undergraduate","18","1","0","0","0","0","1","0","0","0","84","36","0","0","0","0","0","0","103","37","0","140","1",
"Graduate","0","0","0","0","0","0","0","0","0","0","0","0","0","0","0","0","0","0","0","0","0","0","2",
"Total","18","1","0","0","0","0","1","0","0","0","84","36","0","0","0","0","0","0","103","37","0","140","4",
"Midwest College of Oriental Medicine (WI)","","","","","","","","","","","","","","","","",
"Undergraduate","0","0","0","0","0","0","0","0","0","0","0","0","0","0","0","0","0","0","0","0","0","0","1",
"Graduate","5","7","0","0","22","17","8","2","0","0","66","35","0","0","2","4","0","0","103","65","0","168","2",
"Total","5","7","0","0","22","17","8","2","0","0","66","35","0","0","2","4","0","0","103","65","0","168","4",
"New York IT Ellis College (NY)","","","","","","","","","","","","","","","","",
"Undergraduate","180","71","9","7","18","20","73","41","0","0","559","307","0","0","0","1","230","135","1,069","582","0","1,651","1",
"Graduate","58","93","3","4","26","41","19","31","0","0","204","247","0","0","1","0","107","149","418","565","0","983","2",
"Total","238","164","12","11","44","61","92","72","0","0","763","554","0","0","1","1","337","284","1,487","1,147","0","2,634","4",
"Northwood University (MI)","","","","","","","","","","","","","","","","",
"Undergraduate","4","0","0","0","0","0","1","1","0","0","11","3","0","0","0","0","34","22","50","26","0","76","1",
"Graduate","0","0","0","0","0","0","0","0","0","0","0","0","0","0","0","0","0","0","0","0","0","0","2",
"Total","4","0","0","0","0","0","1","1","0","0","11","3","0","0","0","0","34","22","50","26","0","76","4",
"Nova Southeastern University (FL)","","","","","","","","","","","","","","","","",
"Undergraduate","0","0","0","0","0","0","0","0","0","0","0","0","0","0","0","0","0","0","0","0","0","0","1",
"Graduate","25","8","0","0","0","0","0","0","0","0","4","3","0","0","0","0","1","0","30","11","0","41","2",
"Total","25","8","0","0","0","0","0","0","0","0","4","3","0","0","0","0","1","0","30","11","0","41","4",
"Old Dominion University (VA)","","","","","","","","","","","","","","","","",
"Undergraduate","0","0","0","0","0","0","0","1","0","0","10","0","0","0","0","0","1","0","11","1","0","12","1",
"Graduate","0","0","0","0","0","1","0","0","0","0","7","1","0","0","0","0","0","0","7","2","0","9","2",
"Total","0","0","0","0","0","1","0","1","0","0","17","1","0","0","0","0","1","0","18","3","0","21","4",
"Pacific College of Oriental Medicine (CA)","","","","","","","","","","","","","","","","",
"Undergraduate","0","0","0","0","0","0","0","0","0","0","0","0","0","0","0","0","0","0","0","0","0","0","1",
"Graduate","2","2","0","0","7","7","6","4","0","0","122","26","0","0","2","0","2","1","141","40","0","181","2",
"Total","2","2","0","0","7","7","6","4","0","0","122","26","0","0","2","0","2","1","141","40","0","181","4",
"Park University (MO)","","","","","","","","","","","","","","","","",
"Undergraduate","47","48","0","0","3","2","7","14","0","0","106","163","0","0","0","0","0","0","163","227","0","390","1",
"Graduate","0","0","0","0","0","0","0","0","0","0","0","0","0","0","0","0","0","0","0","0","0","0","2",
"Total","47","48","0","0","3","2","7","14","0","0","106","163","0","0","0","0","0","0","163","227","0","390","4",
"Rasmussen College (MN)","","","","","","","","","","","","","","","","",
"Undergraduate","12","2","1","0","1","0","4","0","0","0","34","4","0","0","0","0","0","0","52","6","0","58","1",
"Graduate","0","0","0","0","0","0","0","0","0","0","0","0","0","0","0","0","0","0","0","0","0","0","2",
"Total","12","2","1","0","1","0","4","0","0","0","34","4","0","0","0","0","0","0","52","6","0","58","4",
"Stautzenberger College-Rockford Career College","","","","","","","","","","","","","","","","",
"Undergraduate","172","17","0","0","4","0","40","9","0","0","294","30","0","0","0","0","1","0","511","56","0","567","1",
"Graduate","0","0","0","0","0","0","0","0","0","0","0","0","0","0","0","0","0","0","0","0","0","0","2",
"Total","172","17","0","0","4","0","40","9","0","0","294","30","0","0","0","0","1","0","511","56","0","567","4",
"The Chicago School of Professional Psychology","","","","","","","","","","","","","","","","",
"Undergraduate","0","0","0","0","0","0","0","0","0","0","0","0","0","0","0","0","0","0","0","0","0","0","1",
"Graduate","90","13","5","0","38","11","51","11","0","0","572","154","0","0","26","14","59","13","841","216","0","1,057","2",
"Total","90","13","5","0","38","11","51","11","0","0","572","154","0","0","26","14","59","13","841","216","0","1,057","4",
"University of Notre Dame (IN)","","","","","","","","","","","","","","","","",
"Undergraduate","0","0","0","0","0","0","0","0","0","0","0","0","0","0","0","0","0","0","0","0","0","0","1",
"Graduate","0","0","0","1","0","4","2","1","0","0","11","44","0","0","0","0","0","0","13","50","0","63","2",
"Total","0","0","0","1","0","4","2","1","0","0","11","44","0","0","0","0","0","0","13","50","0","63","4",
"University of Phoenix (AZ) CLOSED","","","","","","","","","","","","","","","","",
"Undergraduate","161","63","6","1","17","12","63","38","0","0","232","184","0","0","48","40","160","119","687","457","0","1,144","1",
"Graduate","45","15","0","0","7","9","6","6","0","0","27","29","0","0","9","7","38","28","132","94","0","226","2",
"Total","206","78","6","1","24","21","69","44","0","0","259","213","0","0","57","47","198","147","819","551","0","1,370","4",
"Webster University (MO)","","","","","","","","","","","","","","","","",
"Undergraduate","0","0","0","0","0","0","0","0","0","0","0","0","0","0","0","0","0","0","0","0","0","0","1",
"Graduate","43","29","1","1","4","11","11","12","0","0","151","182","0","0","0","1","19","20","229","256","0","485","2",
"Total","43","29","1","1","4","11","11","12","0","0","151","182","0","0","0","1","19","20","229","256","0","485","4",
" Total Enrollment at Out-of-State Institutions","","","","","","","","","","","","","","","","",
"Undergraduate","932","590","20","13","70","98","295","424","0","0","1,977","1,567","0","0","51","43","540","358","3,885","3,093","0","6,978","11",
"Graduate","658","260","14","6","155","110","158","89","0","0","2,052","1,051","0","0","75","33","350","257","3,462","1,806","0","5,268","12",
"Sector Total","1,590","850","34","19","225","208","453","513","0","0","4,029","2,618","0","0","126","76","890","615","7,347","4,899","0","12,246","14",
" Total Enrollment All Sectors Combined","","","","","","","","","","","","","","","","",
"Undergraduate","59,991","34,071","1,289","927","18,484","16,722","49,268","37,012","0","0","235,666","188,472","0","0","4,028","4,458","12,080","10,042","380,806","291,704","0","672,510","101",
"Graduate","9,835","3,737","216","155","4,748","4,400","3,902","2,315","0","0","48,757","33,442","0","0","6,627","10,417","7,363","5,765","81,448","60,231","0","141,679","102",
"Grand Total","69,826","37,808","1,505","1,082","23,232","21,122","53,170","39,327","0","0","284,423","221,914","0","0","10,655","14,875","19,443","15,807","462,254","351,935","0","814,189","104",
